{"count":1,"self":95.484870399999991,"total":762.62425639999992,"children":{"AgentResetIfDone":{"count":750084,"self":6.46702,"total":6.4670198,"children":null},"AgentSendState":{"count":750084,"self":8.3699128,"total":10.2868547,"children":{"CollectObservations":{"count":100010,"self":1.916942,"total":1.9169421,"children":null}}},"DecideAction":{"count":750084,"self":526.11072,"total":639.3081252,"children":{"AgentInfo.ToProto":{"count":100010,"self":6.3430648,"total":113.197392,"children":{"CameraSensor.GetCompressedObservation":{"count":100010,"self":106.8543296,"total":106.8543273,"children":null}}}}},"AcademyStep":{"count":750084,"self":5.2365176,"total":5.2365175,"children":null},"AgentAct":{"count":750084,"self":5.8388656,"total":5.8388653999999995,"children":null}}}