{"count":1,"self":24.952382399999998,"total":25.765093,"children":{"AgentResetIfDone":{"count":1116,"self":0.06469,"total":0.06469,"children":null},"AgentSendState":{"count":1116,"self":0.056614,"total":0.065731,"children":{"CollectObservations":{"count":148,"self":0.009117,"total":0.009117,"children":null}}},"DecideAction":{"count":1116,"self":0.598165,"total":0.598165,"children":null},"AcademyStep":{"count":1116,"self":0.040005,"total":0.040005,"children":null},"AgentAct":{"count":1116,"self":0.042845999999999995,"total":0.042845999999999995,"children":null}}}