{"count":1,"self":34.1402688,"total":34.3266688,"children":{"AgentResetIfDone":{"count":1581,"self":0.005933,"total":0.005933,"children":null},"AgentSendState":{"count":1581,"self":0.0030134999999999997,"total":0.0079977,"children":{"CollectObservations":{"count":95,"self":0.0049841999999999994,"total":0.0049841999999999994,"children":null}}},"DecideAction":{"count":1581,"self":0.1614667,"total":0.1614667,"children":null},"AcademyStep":{"count":1581,"self":0.0030023,"total":0.0030023,"children":null},"AgentAct":{"count":1581,"self":0.0069887,"total":0.0069887,"children":null}}}