{"count":1,"self":18.5619904,"total":57.080763,"children":{"AgentResetIfDone":{"count":32501,"self":1.045634,"total":1.045634,"children":null},"AgentSendState":{"count":32501,"self":1.08347,"total":1.196529,"children":{"CollectObservations":{"count":4333,"self":0.11305899999999999,"total":0.11305899999999999,"children":null}}},"DecideAction":{"count":32501,"self":28.770435199999998,"total":34.531583999999995,"children":{"AgentInfo.ToProto":{"count":4333,"self":0.441102,"total":5.76115,"children":{"CameraSensor.GetCompressedObservation":{"count":4333,"self":5.320048,"total":5.320048,"children":null}}}}},"AcademyStep":{"count":32501,"self":0.851586,"total":0.851586,"children":null},"AgentAct":{"count":32501,"self":0.89015499999999992,"total":0.89015499999999992,"children":null}}}