{"count":1,"self":6.7889311999999995,"total":6.8598,"children":{"AgentResetIfDone":{"count":302,"self":0.016375,"total":0.016375,"children":null},"AgentSendState":{"count":302,"self":0.014894,"total":0.016047,"children":{"CollectObservations":{"count":30,"self":0.001153,"total":0.001153,"children":null}}},"DecideAction":{"count":302,"self":0.013059999999999999,"total":0.013059999999999999,"children":null},"AcademyStep":{"count":302,"self":0.010785,"total":0.010785,"children":null},"AgentAct":{"count":302,"self":0.012973,"total":0.012973,"children":null}}}