{"count":1,"self":57.139052799999995,"total":225.1618461,"children":{"AgentResetIfDone":{"count":158584,"self":1.3436445,"total":1.3436445,"children":null},"AgentSendState":{"count":158584,"self":1.705342,"total":1.9063162999999999,"children":{"CollectObservations":{"count":21144,"self":0.2009744,"total":0.2009744,"children":null}}},"DecideAction":{"count":158584,"self":118.17953279999999,"total":143.6322588,"children":{"AgentInfo.ToProto":{"count":21144,"self":1.1034998999999999,"total":25.452732299999997,"children":{"CameraSensor.GetCompressedObservation":{"count":21144,"self":24.349232,"total":24.349232399999998,"children":null}}}}},"AcademyStep":{"count":158584,"self":1.0734765,"total":1.0734765,"children":null},"AgentAct":{"count":158584,"self":20.0660944,"total":20.0660951,"children":null}}}