{"count":1,"self":8.3353288,"total":8.4765519,"children":{"AgentResetIfDone":{"count":347,"self":0.0029774999999999997,"total":0.0029774999999999997,"children":null},"AgentSendState":{"count":347,"self":0.0019911,"total":0.0029920999999999997,"children":{"CollectObservations":{"count":46,"self":0.001001,"total":0.001001,"children":null}}},"DecideAction":{"count":347,"self":0.13222029999999999,"total":0.13222029999999999,"children":null},"AcademyStep":{"count":347,"self":0,"total":0,"children":null},"AgentAct":{"count":347,"self":0.0020329,"total":0.0020329,"children":null}}}