{"count":1,"self":29.451711999999997,"total":29.534855699999998,"children":{"AgentResetIfDone":{"count":1411,"self":0.013285,"total":0.013285,"children":null},"AgentSendState":{"count":1411,"self":0.008743299999999999,"total":0.0425587,"children":{"CollectObservations":{"count":193,"self":0.033815399999999995,"total":0.033815399999999995,"children":null}}},"DecideAction":{"count":1404,"self":0.0127303,"total":0.0127303,"children":null},"AcademyStep":{"count":1404,"self":0.002944,"total":0.002944,"children":null},"AgentAct":{"count":1404,"self":0.0096626,"total":0.0096626,"children":null}}}