{"count":1,"self":1151.2358912,"total":1512.6905797,"children":{"AgentResetIfDone":{"count":727467,"self":5.5886264,"total":5.5886265999999996,"children":null},"AgentSendState":{"count":727467,"self":6.3126088,"total":7.4184759,"children":{"CollectObservations":{"count":72747,"self":1.105867,"total":1.105867,"children":null}}},"DecideAction":{"count":727467,"self":336.47933439999997,"total":338.385075,"children":{"AgentInfo.ToProto":{"count":72747,"self":1.9057498,"total":1.9057498,"children":null}}},"AcademyStep":{"count":727467,"self":4.6636856,"total":4.6636858,"children":null},"AgentAct":{"count":727467,"self":5.3969176,"total":5.3969176,"children":null}}}