{"count":1,"self":1251.8255616,"total":1261.5532885999999,"children":{"AgentResetIfDone":{"count":56804,"self":0.26909459999999996,"total":0.26909459999999996,"children":null},"AgentSendState":{"count":56804,"self":0.14504899999999998,"total":0.22024349999999998,"children":{"CollectObservations":{"count":6817,"self":0.0751945,"total":0.0751945,"children":null}}},"DecideAction":{"count":56804,"self":8.7696215999999989,"total":8.7696215,"children":null},"AcademyStep":{"count":56804,"self":0.12227329999999999,"total":0.12227329999999999,"children":null},"AgentAct":{"count":56804,"self":0.3455257,"total":0.3455257,"children":null}}}