{"count":1,"self":49.66544,"total":53.524000699999995,"children":{"AgentResetIfDone":{"count":18917,"self":0.2296044,"total":0.2296044,"children":null},"AgentSendState":{"count":18917,"self":0.1802377,"total":0.19924409999999998,"children":{"CollectObservations":{"count":2521,"self":0.0190064,"total":0.0190064,"children":null}}},"DecideAction":{"count":18917,"self":0.50518069999999993,"total":3.4277140999999998,"children":{"AgentInfo.ToProto":{"count":18908,"self":0.49603159999999996,"total":2.9225334,"children":{"CameraSensor.GetCompressedObservation":{"count":18908,"self":2.4265018,"total":2.4265018,"children":null}}}}},"AcademyStep":{"count":9,"self":0,"total":0,"children":null},"AgentAct":{"count":9,"self":0,"total":0,"children":null}}}