{"count":1,"self":0.8809999,"total":0.8889999,"children":{"AgentResetIfDone":{"count":7,"self":0.00099969999999999985,"total":0.00099969999999999985,"children":null},"AgentSendState":{"count":7,"self":0.0019993999999999997,"total":0.0019993999999999997,"children":{"CollectObservations":{"count":7,"self":0,"total":0,"children":null}}},"DecideAction":{"count":7,"self":0.0010007,"total":0.0010007,"children":null},"AcademyStep":{"count":7,"self":0,"total":0,"children":null},"AgentAct":{"count":7,"self":0.0030001,"total":0.0030001,"children":null}}}