{
  "name": "root",
  "gauges": [
    {
      "name": "SnakeBehavior.mean_reward",
      "value": -1.2592592592592593,
      "min": -1.5454545454545454,
      "max": 0.35294117647058826,
      "count": 14
    }
  ],
  "total": 2250.3281996,
  "count": 1,
  "self": 16.320345300001463,
  "children": [
    {
      "name": "TrainerController.advance",
      "total": 2234.0078542999986,
      "count": 14487,
      "self": 12.471382700012782,
      "children": [
        {
          "name": "env_step",
          "total": 2215.871879599986,
          "count": 14487,
          "self": 2199.7897253999636,
          "children": [
            {
              "name": "SubprocessEnvManager._take_step",
              "total": 15.790361800002193,
              "count": 14487,
              "self": 0.4469381000105468,
              "children": [
                {
                  "name": "PPOPolicy.evaluate",
                  "total": 15.343423699991646,
                  "count": 14487,
                  "self": 15.343423699991646
                }
              ]
            },
            {
              "name": "workers",
              "total": 0.29179240002043905,
              "count": 14486,
              "self": 0.0,
              "children": [
                {
                  "name": "worker_root",
                  "total": 2188.1451500999947,
                  "count": 14486,
                  "is_parallel": true,
                  "self": 61.70317999998633,
                  "children": [
                    {
                      "name": "BrainInfo.process_pixels",
                      "total": 0.016877499999999657,
                      "count": 1,
                      "is_parallel": true,
                      "self": 0.0002319999999995659,
                      "children": [
                        {
                          "name": "image_decompress",
                          "total": 0.01664550000000009,
                          "count": 1,
                          "is_parallel": true,
                          "self": 0.01664550000000009
                        }
                      ]
                    },
                    {
                      "name": "UnityEnvironment.step",
                      "total": 2126.425092600008,
                      "count": 14486,
                      "is_parallel": true,
                      "self": 3.3561518000160504,
                      "children": [
                        {
                          "name": "UnityEnvironment._generate_step_input",
                          "total": 0.9262292999925936,
                          "count": 14486,
                          "is_parallel": true,
                          "self": 0.9262292999925936
                        },
                        {
                          "name": "communicator.exchange",
                          "total": 2117.304622399992,
                          "count": 14486,
                          "is_parallel": true,
                          "self": 2117.304622399992
                        },
                        {
                          "name": "BrainInfo.process_pixels",
                          "total": 4.838089100007899,
                          "count": 14486,
                          "is_parallel": true,
                          "self": 2.414187699996522,
                          "children": [
                            {
                              "name": "image_decompress",
                              "total": 2.4239014000113768,
                              "count": 14486,
                              "is_parallel": true,
                              "self": 2.4239014000113768
                            }
                          ]
                        }
                      ]
                    }
                  ]
                }
              ]
            }
          ]
        },
        {
          "name": "update_policy",
          "total": 5.664591999999487,
          "count": 26,
          "self": 1.8267325000028762,
          "children": [
            {
              "name": "PPOPolicy.update",
              "total": 3.837859499996611,
              "count": 624,
              "self": 3.837859499996611
            }
          ]
        }
      ]
    }
  ]
}