{
  "name": "root",
  "gauges": [
    {
      "name": "SnakeBehavior.mean_reward",
      "value": 1.6041666666666667,
      "min": 0.1111111111111111,
      "max": 2.1531531531531534,
      "count": 20
    }
  ],
  "total": 768.1636661,
  "count": 1,
  "self": 52.21672799998714,
  "children": [
    {
      "name": "TrainerController.advance",
      "total": 715.9469381000129,
      "count": 100001,
      "self": 67.39735670001028,
      "children": [
        {
          "name": "env_step",
          "total": 610.9920451000036,
          "count": 100001,
          "self": 508.28829480000013,
          "children": [
            {
              "name": "SubprocessEnvManager._take_step",
              "total": 100.99678439999943,
              "count": 100001,
              "self": 2.6742379999998462,
              "children": [
                {
                  "name": "PPOPolicy.evaluate",
                  "total": 98.32254639999958,
                  "count": 100001,
                  "self": 98.32254639999958
                }
              ]
            },
            {
              "name": "workers",
              "total": 1.706965900004029,
              "count": 100001,
              "self": 0.0,
              "children": [
                {
                  "name": "worker_root",
                  "total": 763.2741963000193,
                  "count": 100001,
                  "is_parallel": true,
                  "self": 331.1591051000084,
                  "children": [
                    {
                      "name": "BrainInfo.process_pixels",
                      "total": 0.017342499999999816,
                      "count": 1,
                      "is_parallel": true,
                      "self": 0.00023879999999998347,
                      "children": [
                        {
                          "name": "image_decompress",
                          "total": 0.017103699999999833,
                          "count": 1,
                          "is_parallel": true,
                          "self": 0.017103699999999833
                        }
                      ]
                    },
                    {
                      "name": "UnityEnvironment.step",
                      "total": 432.0977487000109,
                      "count": 100001,
                      "is_parallel": true,
                      "self": 23.515591000013956,
                      "children": [
                        {
                          "name": "UnityEnvironment._generate_step_input",
                          "total": 5.393036900002708,
                          "count": 100001,
                          "is_parallel": true,
                          "self": 5.393036900002708
                        },
                        {
                          "name": "communicator.exchange",
                          "total": 375.15007690000687,
                          "count": 100001,
                          "is_parallel": true,
                          "self": 375.15007690000687
                        },
                        {
                          "name": "BrainInfo.process_pixels",
                          "total": 28.039043899987426,
                          "count": 100001,
                          "is_parallel": true,
                          "self": 13.309619299993326,
                          "children": [
                            {
                              "name": "image_decompress",
                              "total": 14.7294245999941,
                              "count": 100001,
                              "is_parallel": true,
                              "self": 14.7294245999941
                            }
                          ]
                        }
                      ]
                    }
                  ]
                }
              ]
            }
          ]
        },
        {
          "name": "update_policy",
          "total": 37.55753629999899,
          "count": 181,
          "self": 14.239880200000915,
          "children": [
            {
              "name": "PPOPolicy.update",
              "total": 23.31765609999808,
              "count": 4347,
              "self": 23.31765609999808
            }
          ]
        }
      ]
    }
  ]
}